Group,SAA_result,Slope_95CI,P_value
G2019S,Negative,"2.18 (1.21, 3.16)",
G2019S,Positive,"2.29 (1.65, 2.94)",
G2019S,Positive vs negative,"0.11 (-0.98, 1.19)",0.85
N2081D/N14D,Negative,"3.12 (0.26, 5.99)",
N2081D/N14D,Positive,"2.46 (1.37, 3.55)",
N2081D/N14D,Positive vs negative,"-0.66 (-3.72, 2.39)",0.66
R1441C/G+M1646T,Negative,"0.31 (-1.32, 1.93)",
R1441C/G+M1646T,Positive,"3.89 (1.22, 6.55)",
R1441C/G+M1646T,Positive vs negative,"3.58 (0.56, 6.60)",0.02
LRRK2 excl R1441C/G+M1646T,Negative,"2.26 (1.34, 3.44)",
LRRK2 excl R1441C/G+M1646T,Positive,"2.33 (1.79, 2.86)",
LRRK2 excl R1441C/G+M1646T,Positive vs negative,"0.07 (-0.93, 1.07)",0.89
LRRK2 excl R1441C/G+M1646T vs Sporadic,Negative,"-0.15 (-1.52, 1.22)",0.83
LRRK2 excl R1441C/G+M1646T vs Sporadic,Positive,"-0.13 (-0.73, 0.47)",0.67
